{"target_weight": 31.4, "start_time": 1598768906.9339457, "preinfusion": true, "preinfusion_time": 1.2, "dwell_time": 2.5, "tunings": [3.4, 0.3, 40.0], "responsiveness": 10, "stop_time": 1598768939.6894066, "stop_weight": 30.82, "dose": 15.69, "final_weight": 31.97}