Time,Boiler Temperature,Group Temperature,Weight,Avg. PID,Solenoid,Pump
1594448751.9499831,104.35584112991728,103.08369549773762,-68.28,4.379348285597259,True,True
1594448752.4096117,104.42468349936962,101.50368732999117,-68.28,4.379348285597259,True,True
1594448753.0078793,104.45910522604069,101.46934777304838,-68.29,3.9310006024628534,True,True
1594448753.4496558,104.49352731402348,101.46934777304838,-68.29,3.9310006024628534,False,False
1594448753.9207265,104.45910522604069,101.50368732999117,-68.29,3.9152685550862856,False,False
1594448754.4278927,104.32142048711309,101.50368732999117,-68.29,3.9152685550862856,False,False
1594448754.8934143,104.149322691858,101.53802724619894,-68.27,3.9152685550862856,False,False
1594448755.466852,103.94281725733471,101.70973221660648,-68.27,6.12493052172387,False,False
1594448755.9237103,103.83956941563147,101.81275951075237,-68.29,6.12493052172387,True,True
