{"target_weight": 31.2, "start_time": 1596432513.4159803, "preinfusion": true, "preinfusion_time": 1.2, "dwell_time": 2.5, "tunings": [3.4, 0.3, 40.0], "responsiveness": 10, "stop_time": 1596432541.4307182, "stop_weight": 29.97, "dose": 15.58, "final_weight": 31.55}