{"target_weight": 32.0, "start_time": 1597173863.4229758, "preinfusion": true, "preinfusion_time": 1.2, "dwell_time": 2.5, "tunings": [3.4, 0.3, 40.0], "responsiveness": 10, "stop_time": 1597173889.7109601, "stop_weight": 31.23, "dose": 16.0, "final_weight": 32.19}