{"target_weight": 36.1, "start_time": 1597729363.4856753, "preinfusion": true, "preinfusion_time": 3.0, "dwell_time": 7.0, "tunings": [3.4, 0.3, 40.0], "responsiveness": 10, "stop_time": 1597729398.3606157, "stop_weight": 35.33, "dose": 15.7, "final_weight": 36.83}