{"target_weight": 31.6, "start_time": 1597123271.737931, "preinfusion": true, "preinfusion_time": 1.2, "dwell_time": 2.5, "tunings": [3.4, 0.3, 40.0], "responsiveness": 10, "stop_time": 1597123299.1565259, "stop_weight": 30.24, "dose": 15.82, "final_weight": 31.69}