{"target_weight": 31.9, "start_time": 1599383431.1141858, "preinfusion": true, "preinfusion_time": 1.2, "dwell_time": 2.5, "tunings": [3.4, 0.3, 40.0], "responsiveness": 10, "stop_time": 1599383457.5219204, "stop_weight": 31.28, "dose": 15.93, "final_weight": 32.62}