{"target_weight": 31.4, "start_time": 1597171676.9591677, "preinfusion": true, "preinfusion_time": 1.2, "dwell_time": 2.5, "tunings": [3.4, 0.3, 40.0], "responsiveness": 10, "stop_time": 1597171702.1595006, "stop_weight": 30.54, "dose": 15.69, "final_weight": 31.62}