{"target_weight": 32.1, "start_time": 1599889033.171463, "preinfusion": true, "preinfusion_time": 1.2, "dwell_time": 2.5, "tunings": [3.4, 0.3, 40.0], "responsiveness": 10, "stop_time": 1599889064.3846452, "stop_weight": 31.53, "dose": 16.04, "final_weight": 32.52}