{"target_weight": 31.5, "start_time": 1597208056.7082698, "preinfusion": true, "preinfusion_time": 1.2, "dwell_time": 2.5, "tunings": [3.4, 0.3, 40.0], "responsiveness": 10, "stop_time": 1597208080.9628918, "stop_weight": 30.38, "dose": 15.74, "final_weight": 32.15}