{"target_weight": 31.1, "start_time": 1598685175.3909001, "preinfusion": true, "preinfusion_time": 1.2, "dwell_time": 2.5, "tunings": [3.4, 0.3, 40.0], "responsiveness": 10, "stop_time": 1598685204.8964133, "stop_weight": 30.68, "dose": 15.56, "final_weight": 31.96}