{"target_weight": 31.4, "start_time": 1596312927.8075793, "preinfusion": true, "preinfusion_time": 1.2, "dwell_time": 2.5, "tunings": [3.4, 0.3, 40.0], "responsiveness": 10, "stop_time": 1596312951.7588112, "stop_weight": 30.53, "dose": 15.71, "final_weight": 31.67}