{"target_weight": 31.5, "start_time": 1598418255.8347073, "preinfusion": true, "preinfusion_time": 1.2, "dwell_time": 2.5, "tunings": [3.4, 0.3, 40.0], "responsiveness": 10, "stop_time": 1598418284.2072437, "stop_weight": 30.67, "dose": 15.74, "final_weight": 32.07}