{"target_weight": 31.8, "start_time": 1600060825.0792797, "preinfusion": true, "preinfusion_time": 1.2, "dwell_time": 2.5, "tunings": [3.4, 0.3, 40.0], "responsiveness": 10, "stop_time": 1600060850.3728125, "stop_weight": 31.13, "dose": 15.88, "final_weight": 32.31}