{"target_weight": 31.0, "start_time": 1595449022.6532183, "preinfusion": true, "preinfusion_time": 1.2, "dwell_time": 2.5, "tunings": [3.4, 0.3, 40.0], "responsiveness": 10, "stop_time": 1595449052.123436, "stop_weight": 29.58, "dose": 15.66, "final_weight": 30.28}