{"target_weight": 31.0, "start_time": 1596085012.4598281, "preinfusion": true, "preinfusion_time": 1.2, "dwell_time": 2.5, "tunings": [3.4, 0.3, 40.0], "responsiveness": 10, "stop_time": 1596085029.9611936, "stop_weight": 28.65, "dose": 15.63, "final_weight": 30.77}