{"target_weight": 33.3, "start_time": 1598798425.5638118, "preinfusion": true, "preinfusion_time": 1.2, "dwell_time": 2.5, "tunings": [3.4, 0.3, 40.0], "responsiveness": 10, "stop_time": 1598798430.7335875, "stop_weight": 16.65, "dose": 16.66, "final_weight": 16.63}