{"target_weight": 31.9, "start_time": 1599383588.4006948, "preinfusion": true, "preinfusion_time": 1.2, "dwell_time": 2.5, "tunings": [3.4, 0.3, 40.0], "responsiveness": 10, "stop_time": 1599383615.9577546, "stop_weight": 31.14, "dose": 15.93, "final_weight": 33.59}