{"target_weight": 31.0, "start_time": 1596171964.3434577, "preinfusion": true, "preinfusion_time": 1.2, "dwell_time": 2.5, "tunings": [3.4, 0.3, 40.0], "responsiveness": 10, "stop_time": 1596171993.7029994, "stop_weight": 29.21, "dose": 15.75, "final_weight": 30.66}