{"target_weight": 31.5, "start_time": 1597500978.0030293, "preinfusion": true, "preinfusion_time": 1.2, "dwell_time": 2.5, "tunings": [3.4, 0.3, 40.0], "responsiveness": 10, "stop_time": 1597501005.209727, "stop_weight": 30.69, "dose": 15.73, "final_weight": 32.01}