{"target_weight": 31.0, "start_time": 1593931557.8007486, "preinfusion": true, "preinfusion_time": 1.2, "dwell_time": 2.5, "tunings": [3.4, 0.3, 40.0], "responsiveness": 10, "stop_time": 1593931587.0853593, "stop_weight": 29.55, "final_weight": 30.94}