{"target_weight": 31.6, "start_time": 1598936529.7200134, "preinfusion": true, "preinfusion_time": 1.2, "dwell_time": 2.5, "tunings": [3.4, 0.3, 40.0], "responsiveness": 10, "stop_time": 1598936559.5927253, "stop_weight": 30.82, "dose": 15.78, "final_weight": 32.08}