{"target_weight": 31.7, "start_time": 1599284885.9144256, "preinfusion": true, "preinfusion_time": 1.2, "dwell_time": 2.5, "tunings": [3.4, 0.3, 40.0], "responsiveness": 10, "stop_time": 1599284916.5915804, "stop_weight": 30.91, "dose": 15.87, "final_weight": 32.12}