{"target_weight": 36.9, "start_time": 1597556802.9147818, "preinfusion": true, "preinfusion_time": 3.0, "dwell_time": 7.0, "tunings": [3.4, 0.3, 40.0], "responsiveness": 10, "stop_time": 1597556840.263057, "stop_weight": 36.16, "dose": 16.04, "final_weight": 37.48}