{"target_weight": 31.0, "start_time": 1595967238.8753796, "preinfusion": true, "preinfusion_time": 1.2, "dwell_time": 2.5, "tunings": [3.4, 0.3, 40.0], "responsiveness": 10, "stop_time": 1595967274.6495023, "stop_weight": 30.02, "dose": 15.84, "final_weight": 30.75}