{"target_weight": 31.0, "start_time": 1596084714.7818956, "preinfusion": true, "preinfusion_time": 1.2, "dwell_time": 2.5, "tunings": [3.4, 0.3, 40.0], "responsiveness": 10, "stop_time": 1596084731.8283103, "stop_weight": 28.55, "dose": 15.67, "final_weight": 30.77}