Time,Boiler Temperature,Group Temperature,Weight,Avg. PID,Solenoid,Pump
1593579542.299673,108.93156534114748,95.84251286579452,-68.31,6.066148811160029,True,True
1593579542.7746086,108.93156534114748,95.87679365540986,-68.31,6.066148811160029,True,True
1593579543.2839777,108.93156534114748,95.84251286579452,-67.58,6.066148811160029,False,False
1593579543.7697642,108.93156534114748,95.84251286579452,42.36,5.9376478739673555,False,False
1593579544.2840264,108.83100756657937,95.84251286579452,101.82,5.9376478739673555,False,False
1593579544.7754347,108.69693533657818,95.84251286579452,135.75,6.477286615725035,False,False
1593579545.2731562,108.59638476577598,95.87679365540986,135.76,6.477286615725035,False,False
1593579545.7418988,108.42880734064295,95.94535630692192,135.75,6.477286615725035,False,False
