{"target_weight": 31.0, "start_time": 1592996088.1854527, "preinfusion": true, "preinfusion_time": 1.2, "dwell_time": 2.5, "tunings": [3.4, 0.3, 40.0], "responsiveness": 10, "stop_time": 1592996113.7211955, "stop_weight": 135.04, "final_weight": 136.32}