{"target_weight": 31.5, "start_time": 1596259441.4294646, "preinfusion": true, "preinfusion_time": 1.2, "dwell_time": 2.5, "tunings": [3.4, 0.3, 40.0], "responsiveness": 10, "stop_time": 1596259474.3545537, "stop_weight": 30.29, "dose": 15.75, "final_weight": 32.03}