{"target_weight": 31.3, "start_time": 1597474889.7060175, "preinfusion": true, "preinfusion_time": 1.2, "dwell_time": 2.5, "tunings": [3.4, 0.3, 40.0], "responsiveness": 10, "stop_time": 1597474915.7035997, "stop_weight": 30.26, "dose": 15.65, "final_weight": 31.96}