{"target_weight": 31.3, "start_time": 1596315294.5550754, "preinfusion": true, "preinfusion_time": 1.2, "dwell_time": 2.5, "tunings": [3.4, 0.3, 40.0], "responsiveness": 10, "stop_time": 1596315318.4881477, "stop_weight": 30.52, "dose": 15.66, "final_weight": 31.68}