{"target_weight": 31.3, "start_time": 1598712440.5742185, "preinfusion": true, "preinfusion_time": 1.2, "dwell_time": 2.5, "tunings": [3.4, 0.3, 40.0], "responsiveness": 10, "stop_time": 1598712475.2087977, "stop_weight": -68.26, "dose": 15.67, "final_weight": -68.26}