{"target_weight": 31.0, "start_time": 1592914722.5867538, "preinfusion": true, "preinfusion_time": 1.2, "dwell_time": 2.5, "tunings": [3.4, 0.3, 40.0], "responsiveness": 10, "stop_time": 1592914747.0500414, "stop_weight": 29.53, "final_weight": 30.53}