{"target_weight": 30.0, "start_time": 1593201630.4343812, "preinfusion": true, "preinfusion_time": 1.2, "dwell_time": 2.5, "tunings": [3.4, 0.3, 40.0], "responsiveness": 10, "stop_time": 1593201652.3025346, "stop_weight": 28.57, "final_weight": 29.71}