{"target_weight": 36.7, "start_time": 1597640580.2084138, "preinfusion": true, "preinfusion_time": 3.0, "dwell_time": 7.0, "tunings": [3.4, 0.3, 40.0], "responsiveness": 10, "stop_time": 1597640621.6813078, "stop_weight": 36.13, "dose": 15.96, "final_weight": 37.28}