{"target_weight": 62.0, "start_time": 1595696709.1227813, "preinfusion": false, "preinfusion_time": 1.2, "dwell_time": 2.5, "tunings": [3.4, 0.3, 40.0], "responsiveness": 10, "stop_time": 1595696716.1590157, "stop_weight": 60.97, "final_weight": 66.39}