{"target_weight": 31.0, "start_time": 1595824871.015641, "preinfusion": true, "preinfusion_time": 1.2, "dwell_time": 2.5, "tunings": [3.4, 0.3, 40.0], "responsiveness": 10, "stop_time": 1595824896.5599563, "stop_weight": 29.26, "dose": 15.74, "final_weight": 30.64}