{"target_weight": 31.7, "start_time": 1599416129.422726, "preinfusion": true, "preinfusion_time": 1.2, "dwell_time": 2.5, "tunings": [3.4, 0.3, 40.0], "responsiveness": 10, "stop_time": 1599416156.9799945, "stop_weight": 31.26, "dose": 15.84, "final_weight": 32.45}