{"target_weight": 31.0, "start_time": 1595874987.6425176, "preinfusion": true, "preinfusion_time": 1.2, "dwell_time": 2.5, "tunings": [3.4, 0.3, 40.0], "responsiveness": 10, "stop_time": 1595875018.3427243, "stop_weight": 29.91, "dose": 15.82, "final_weight": 30.93}