{"target_weight": 31.5, "start_time": 1597429472.1794176, "preinfusion": true, "preinfusion_time": 1.2, "dwell_time": 2.5, "tunings": [3.4, 0.3, 40.0], "responsiveness": 10, "stop_time": 1597429501.6362314, "stop_weight": 30.98, "dose": 15.76, "final_weight": 31.8}