{"target_weight": 31.5, "start_time": 1599932629.2320845, "preinfusion": true, "preinfusion_time": 1.2, "dwell_time": 2.5, "tunings": [3.4, 0.3, 40.0], "responsiveness": 10, "stop_time": 1599932654.8741536, "stop_weight": 30.97, "dose": 15.75, "final_weight": 11.57}