{"target_weight": 31.7, "start_time": 1599888126.3320334, "preinfusion": true, "preinfusion_time": 1.2, "dwell_time": 2.5, "tunings": [3.4, 0.3, 40.0], "responsiveness": 10, "stop_time": 1599888152.0673935, "stop_weight": 30.94, "final_weight": 32.28}