{"target_weight": 31.1, "start_time": 1599368400.5286539, "preinfusion": true, "preinfusion_time": 1.2, "dwell_time": 2.5, "tunings": [3.4, 0.3, 40.0], "responsiveness": 10, "stop_time": 1599368425.9745164, "stop_weight": 30.4, "dose": 15.57, "final_weight": 31.82}