{"target_weight": 31.0, "start_time": 1595876472.4011893, "preinfusion": true, "preinfusion_time": 1.2, "dwell_time": 2.5, "tunings": [3.4, 0.3, 40.0], "responsiveness": 10, "stop_time": 1595876504.5403435, "stop_weight": 30.01, "dose": 15.67, "final_weight": 30.83}