{"target_weight": 31.0, "start_time": 1594098010.3329782, "preinfusion": true, "preinfusion_time": 1.2, "dwell_time": 2.5, "tunings": [3.4, 0.3, 40.0], "responsiveness": 10, "stop_time": 1594098042.7710304, "stop_weight": 29.68, "dose": 15.42, "final_weight": 30.96}