{"target_weight": 31.3, "start_time": 1597035176.5986938, "preinfusion": true, "preinfusion_time": 1.2, "dwell_time": 2.5, "tunings": [3.4, 0.3, 40.0], "responsiveness": 10, "stop_time": 1597035203.8685756, "stop_weight": 30.11, "dose": 15.65, "final_weight": 31.64}