{"target_weight": 31.7, "start_time": 1599801241.5961974, "preinfusion": true, "preinfusion_time": 1.2, "dwell_time": 2.5, "tunings": [3.4, 0.3, 40.0], "responsiveness": 10, "stop_time": 1599801272.1252859, "stop_weight": 31.11, "dose": 15.87, "final_weight": 32.17}