{"target_weight": 31.0, "start_time": 1595694621.8778737, "preinfusion": true, "preinfusion_time": 1.2, "dwell_time": 2.5, "tunings": [3.4, 0.3, 40.0], "responsiveness": 10, "stop_time": 1595694649.5476506, "stop_weight": 29.65, "dose": 15.14, "final_weight": 30.8}