{"target_weight": 31.6, "start_time": 1598336254.8609796, "preinfusion": true, "preinfusion_time": 1.2, "dwell_time": 2.5, "tunings": [3.4, 0.3, 40.0], "responsiveness": 10, "stop_time": 1598336292.2186966, "stop_weight": 30.91, "dose": 15.81, "final_weight": 31.98}