{"target_weight": 32.0, "start_time": 1599540500.201733, "preinfusion": true, "preinfusion_time": 1.2, "dwell_time": 2.5, "tunings": [3.4, 0.3, 40.0], "responsiveness": 10, "stop_time": 1599540525.9023857, "stop_weight": 31.35, "dose": 15.99, "final_weight": 32.83}