Time,Boiler Temperature,Group Temperature,Weight,Avg. PID,Solenoid,Pump
1594448757.5377452,103.49543341351965,102.19055392948968,-68.28,13.065358753696547,True,True
1594448757.9994285,103.2201506038983,102.2592484967433,-68.28,13.065358753696547,False,False
1594448758.5679212,102.94489089203707,102.36229304400094,-68.28,16.829020199992513,False,False
1594448759.022846,102.49764310847478,102.53404114718839,-68.28,16.829020199992513,False,False
1594448759.4895575,102.11925028489733,102.70579824046386,-68.29,22.840914123575168,False,False
1594448760.0241094,101.7752946659534,102.8432103888964,-68.29,22.840914123575168,False,False
1594448760.473817,101.50015612201949,102.9806282926116,-68.29,28.951786333698927,False,False
