{"target_weight": 31.5, "start_time": 1599109223.1469414, "preinfusion": true, "preinfusion_time": 1.2, "dwell_time": 2.5, "tunings": [3.4, 0.3, 40.0], "responsiveness": 10, "stop_time": 1599109251.698873, "stop_weight": 30.79, "dose": 15.74, "final_weight": 31.95}