{"target_weight": 31.0, "start_time": 1593369961.2844844, "preinfusion": true, "preinfusion_time": 1.2, "dwell_time": 2.5, "tunings": [3.4, 0.3, 40.0], "responsiveness": 10, "stop_time": 1593369982.2000208, "stop_weight": 29.69, "final_weight": 31.09}