{"target_weight": 31.4, "start_time": 1598646307.3389125, "preinfusion": true, "preinfusion_time": 1.2, "dwell_time": 2.5, "tunings": [3.4, 0.3, 40.0], "responsiveness": 10, "stop_time": 1598646335.8502457, "stop_weight": 30.9, "dose": 15.71, "final_weight": 31.82}