{"target_weight": 31.4, "start_time": 1599195565.5341532, "preinfusion": true, "preinfusion_time": 1.2, "dwell_time": 2.5, "tunings": [3.4, 0.3, 40.0], "responsiveness": 10, "stop_time": 1599195591.9169679, "stop_weight": 30.57, "dose": 15.72, "final_weight": 32.08}