{"target_weight": 62.0, "start_time": 1595696557.0269287, "preinfusion": false, "preinfusion_time": 1.2, "dwell_time": 2.5, "tunings": [3.4, 0.3, 40.0], "responsiveness": 10, "stop_time": 1595696562.9491038, "stop_weight": 60.57, "final_weight": 66.47}