{"target_weight": 31.5, "start_time": 1598766517.1916108, "preinfusion": true, "preinfusion_time": 1.2, "dwell_time": 2.5, "tunings": [3.4, 0.3, 40.0], "responsiveness": 10, "stop_time": 1598766551.0146952, "stop_weight": 31.11, "dose": 15.73, "final_weight": 32.19}