{"target_weight": 31.6, "start_time": 1598799278.5945385, "preinfusion": true, "preinfusion_time": 1.2, "dwell_time": 2.5, "tunings": [3.4, 0.3, 40.0], "responsiveness": 10, "stop_time": 1598799303.9851546, "stop_weight": 30.79, "dose": 15.82, "final_weight": 32.0}