{"target_weight": 31.0, "start_time": 1593410621.9013114, "preinfusion": true, "preinfusion_time": 1.2, "dwell_time": 2.5, "tunings": [3.4, 0.3, 40.0], "responsiveness": 10, "stop_time": 1593410651.4908562, "stop_weight": 29.71, "final_weight": 31.06}