{"target_weight": 31.0, "start_time": 1595758328.8356383, "preinfusion": true, "preinfusion_time": 1.2, "dwell_time": 2.5, "tunings": [3.4, 0.3, 40.0], "responsiveness": 10, "stop_time": 1595758353.9754426, "stop_weight": 33.24, "dose": 15.72, "final_weight": 34.63}