{"target_weight": 31.0, "start_time": 1594012110.7083485, "preinfusion": true, "preinfusion_time": 1.2, "dwell_time": 2.5, "tunings": [3.4, 0.3, 40.0], "responsiveness": 10, "stop_time": 1594012139.2477953, "stop_weight": 29.64, "dose": 16.13, "final_weight": 30.85}