{"target_weight": 31.0, "start_time": 1595997850.3043463, "preinfusion": true, "preinfusion_time": 1.2, "dwell_time": 2.5, "tunings": [3.4, 0.3, 40.0], "responsiveness": 10, "stop_time": 1595997878.344571, "stop_weight": 29.46, "dose": 15.63, "final_weight": 30.81}