{"target_weight": 62.0, "start_time": 1595696908.2109156, "preinfusion": true, "preinfusion_time": 1.2, "dwell_time": 2.5, "tunings": [3.4, 0.3, 40.0], "responsiveness": 10, "stop_time": 1595696934.4620771, "stop_weight": 32.71, "dose": 15.21, "final_weight": 33.78}