{"target_weight": 31.2, "start_time": 1598590714.2001476, "preinfusion": true, "preinfusion_time": 1.2, "dwell_time": 2.5, "tunings": [3.4, 0.3, 40.0], "responsiveness": 10, "stop_time": 1598590747.102283, "stop_weight": 30.61, "dose": 15.58, "final_weight": 31.61}