{"target_weight": 31.0, "start_time": 1593343260.1201935, "preinfusion": true, "preinfusion_time": 1.2, "dwell_time": 2.5, "tunings": [3.4, 0.3, 40.0], "responsiveness": 10, "stop_time": 1593343315.5840583, "stop_weight": 29.55, "final_weight": 30.16}