{"target_weight": 31.5, "start_time": 1597500552.6126685, "preinfusion": true, "preinfusion_time": 1.2, "dwell_time": 2.5, "tunings": [3.4, 0.3, 40.0], "responsiveness": 10, "stop_time": 1597500575.0730479, "stop_weight": 30.53, "dose": 15.76, "final_weight": 32.09}