{"target_weight": 31.0, "start_time": 1595761996.0184584, "preinfusion": true, "preinfusion_time": 1.2, "dwell_time": 2.5, "tunings": [3.4, 0.3, 40.0], "responsiveness": 10, "stop_time": 1595762024.3023615, "stop_weight": 29.63, "dose": 15.68, "final_weight": 30.89}