{"target_weight": 31.4, "start_time": 1597121046.8727448, "preinfusion": true, "preinfusion_time": 1.2, "dwell_time": 2.5, "tunings": [3.4, 0.3, 40.0], "responsiveness": 10, "stop_time": 1597121076.6225772, "stop_weight": 30.06, "dose": 15.71, "final_weight": 31.69}