{"target_weight": 31.8, "start_time": 1600004717.6541123, "preinfusion": true, "preinfusion_time": 1.2, "dwell_time": 2.5, "tunings": [3.4, 0.3, 40.0], "responsiveness": 10, "stop_time": 1600004743.1967492, "stop_weight": 31.03, "dose": 15.89, "final_weight": 32.35}