{"target_weight": 31.0, "start_time": 1594099673.543664, "preinfusion": true, "preinfusion_time": 1.2, "dwell_time": 2.5, "tunings": [3.4, 0.3, 40.0], "responsiveness": 10, "stop_time": 1594099709.1398418, "stop_weight": 29.56, "dose": 15.94, "final_weight": 30.92}