{"target_weight": 31.5, "start_time": 1598642169.7647693, "preinfusion": true, "preinfusion_time": 1.2, "dwell_time": 2.5, "tunings": [3.4, 0.3, 40.0], "responsiveness": 10, "stop_time": 1598642198.6692057, "stop_weight": 30.96, "dose": 15.77, "final_weight": 31.93}