{"target_weight": 31.0, "start_time": 1595698029.0750933, "preinfusion": true, "preinfusion_time": 1.2, "dwell_time": 2.5, "tunings": [3.4, 0.3, 40.0], "responsiveness": 10, "stop_time": 1595698054.3327446, "stop_weight": 29.56, "dose": 15.34, "final_weight": 30.59}