{"target_weight": 36.3, "start_time": 1597816127.6252344, "preinfusion": true, "preinfusion_time": 3.0, "dwell_time": 7.0, "tunings": [3.4, 0.3, 40.0], "responsiveness": 10, "stop_time": 1597816167.0232701, "stop_weight": 35.41, "dose": 15.77, "final_weight": 36.75}