{"target_weight": 31.9, "start_time": 1599385038.1177423, "preinfusion": true, "preinfusion_time": 1.2, "dwell_time": 2.5, "tunings": [3.4, 0.3, 40.0], "responsiveness": 10, "stop_time": 1599385062.587283, "stop_weight": 31.13, "dose": 15.96, "final_weight": 33.18}