{"target_weight": 31.6, "start_time": 1598680608.4281466, "preinfusion": true, "preinfusion_time": 1.2, "dwell_time": 2.5, "tunings": [3.4, 0.3, 40.0], "responsiveness": 10, "stop_time": 1598680641.3828764, "stop_weight": 30.96, "dose": 15.78, "final_weight": 32.19}