{"target_weight": 32.0, "start_time": 1597208953.7619636, "preinfusion": true, "preinfusion_time": 1.2, "dwell_time": 2.5, "tunings": [3.4, 0.3, 40.0], "responsiveness": 10, "stop_time": 1597208988.441877, "stop_weight": 31.29, "dose": 15.98, "final_weight": 32.36}