{"target_weight": 31.3, "start_time": 1596356382.462035, "preinfusion": true, "preinfusion_time": 1.2, "dwell_time": 2.5, "tunings": [3.4, 0.3, 40.0], "responsiveness": 10, "stop_time": 1596356410.0029616, "stop_weight": 29.96, "dose": 15.67, "final_weight": 31.65}