{"target_weight": 31.6, "start_time": 1596256880.6558344, "preinfusion": true, "preinfusion_time": 1.2, "dwell_time": 2.5, "tunings": [3.4, 0.3, 40.0], "responsiveness": 10, "stop_time": 1596256907.1654263, "stop_weight": 30.28, "dose": 15.79, "final_weight": 31.8}