{"target_weight": 31.0, "start_time": 1593407922.3703718, "preinfusion": true, "preinfusion_time": 1.2, "dwell_time": 2.5, "tunings": [3.4, 0.3, 40.0], "responsiveness": 10, "stop_time": 1593407954.8096218, "stop_weight": 29.66, "final_weight": 31.05}