{"target_weight": 31.0, "start_time": 1595658136.1755707, "preinfusion": true, "preinfusion_time": 1.2, "dwell_time": 2.5, "tunings": [3.4, 0.3, 40.0], "responsiveness": 10, "stop_time": 1595658164.810446, "stop_weight": 29.72, "dose": 15.76, "final_weight": 31.14}