{"target_weight": 38.0, "start_time": 1595567165.3914275, "preinfusion": true, "preinfusion_time": 1.2, "dwell_time": 2.5, "tunings": [3.4, 0.3, 40.0], "responsiveness": 10, "stop_time": 1595567193.6410763, "stop_weight": 36.62, "dose": 19.11, "final_weight": 38.24}