{"target_weight": 31.4, "start_time": 1597474164.855979, "preinfusion": true, "preinfusion_time": 1.2, "dwell_time": 2.5, "tunings": [3.4, 0.3, 40.0], "responsiveness": 10, "stop_time": 1597474191.5121682, "stop_weight": 117.14, "dose": 15.71, "final_weight": 118.81}