{"target_weight": 31.0, "start_time": 1593165183.3251503, "preinfusion": true, "preinfusion_time": 1.2, "dwell_time": 2.5, "tunings": [3.4, 0.3, 40.0], "responsiveness": 10, "stop_time": 1593165212.6018128, "stop_weight": 29.62, "final_weight": -105.21}