{"target_weight": 38.0, "start_time": 1595568760.0417645, "preinfusion": true, "preinfusion_time": 1.2, "dwell_time": 2.5, "tunings": [3.4, 0.3, 40.0], "responsiveness": 10, "stop_time": 1595568788.5437863, "stop_weight": 36.68, "dose": 19.49, "final_weight": 38.28}