{"target_weight": 33.4, "start_time": 1598798358.3448627, "preinfusion": true, "preinfusion_time": 1.2, "dwell_time": 2.5, "tunings": [3.4, 0.3, 40.0], "responsiveness": 10, "stop_time": 1598798363.5380342, "stop_weight": 16.67, "dose": 16.7, "final_weight": 16.66}