{"target_weight": 31.0, "start_time": 1595965808.1980772, "preinfusion": true, "preinfusion_time": 1.2, "dwell_time": 2.5, "tunings": [3.4, 0.3, 40.0], "responsiveness": 10, "stop_time": 1595965835.0229461, "stop_weight": 30.66, "final_weight": 31.65}