{"target_weight": 31.0, "start_time": 1593060189.3052077, "preinfusion": true, "preinfusion_time": 1.2, "dwell_time": 2.5, "tunings": [3.4, 0.3, 40.0], "responsiveness": 10, "stop_time": 1593060218.2464054, "stop_weight": 29.78, "final_weight": 31.19}