{"target_weight": 31.9, "start_time": 1599282079.1536114, "preinfusion": true, "preinfusion_time": 1.2, "dwell_time": 2.5, "tunings": [3.4, 0.3, 40.0], "responsiveness": 10, "stop_time": 1599282107.7705977, "stop_weight": 31.13, "dose": 15.96, "final_weight": 32.31}